{"cameraMode":{"drawMode":0,"name":"Shaded","section":"Shading Mode"},"sceneLighting":true,"audioPlay":false,"sceneViewState":{"showFog":true,"showMaterialUpdate":false,"showSkybox":true,"showFlares":true,"showImageEffects":true,"showParticleSystems":true},"in2DMode":false,"pivot":{"x":59.494144439697269,"y":7.070424556732178,"z":46.00090408325195},"rotation":{"x":-0.0029873710591346027,"y":0.9634360074996948,"z":-0.26851773262023928,"w":-0.011896439827978611},"size":1.3954740762710572,"orthographic":false}